pno,name,pdate,amount
1,홍길순,2024-03-19,46000
2,강감찬,2024-03-03,308000
3,홍길동,2023-09-04,328000
4,유관순,2024-02-07,121000
5,홍길순,2024-03-17,219000
6,홍길자,2023-07-07,314000
7,이유신,2023-06-16,55000
8,홍길자,2023-01-04,77000
9,김구,2023-08-24,62000
10,김구,2024-02-06,132000
11,김구,2023-07-27,181000
12,강감순,2023-01-03,36000
13,이순신,2024-01-13,72000
14,강감순,2023-04-03,141000
15,홍길동,2023-12-10,119000
16,이유신,2023-09-23,36000
17,이순신,2023-08-31,12000
18,김구,2023-09-04,382000
19,홍길동,2024-01-05,371000
20,김유신,2023-12-21,380000
21,홍길동,2024-04-04,55000
22,강감찬,2023-07-11,345000
23,이유신,2023-12-28,209000
24,김유신,2024-04-07,337000
25,홍길자,2023-07-13,34000
26,홍길동,2023-12-28,215000
27,이유신,2023-07-07,87000
28,강감순,2023-02-13,47000
29,강감순,2023-09-21,152000
30,홍길자,2024-04-23,61000
31,이유신,2023-03-28,245000
32,홍길자,2023-12-04,321000
33,홍길자,2023-12-25,75000
34,홍길동,2023-05-20,225000
35,홍길순,2023-03-30,135000
36,이순신,2023-04-12,136000
37,홍길순,2023-11-21,173000
38,이유신,2023-06-24,81000
39,홍길동,2023-10-10,252000
40,유관순,2023-03-12,47000
41,김구,2023-03-01,149000
42,홍길자,2023-06-12,133000
43,유관순,2023-01-09,109000
44,홍길자,2023-07-30,149000
45,강감순,2023-06-24,139000
46,강감찬,2024-03-31,69000
47,홍길순,2024-01-28,189000
48,이순신,2023-05-25,321000
49,홍길동,2023-03-07,176000
50,홍길순,2023-12-09,215000
51,유관순,2023-04-22,25000
52,김유신,2023-04-18,196000
53,김유신,2023-10-05,233000
54,홍길자,2023-11-11,149000
55,강감찬,2023-12-27,383000
56,홍길자,2023-11-30,155000
57,홍길순,2023-08-06,38000
58,이유신,2023-05-11,321000
59,홍길자,2023-01-09,179000
60,이유신,2024-04-26,128000
61,홍길순,2023-01-28,191000
62,이유신,2023-05-15,277000
63,이순신,2023-04-23,37000
64,홍길동,2024-01-17,55000
65,홍길순,2024-02-21,74000
66,김구,2024-01-02,26000
67,강감순,2023-05-28,250000
68,유관순,2023-04-25,247000
69,김유신,2024-01-22,43000
70,이유신,2024-02-06,196000
71,이순신,2023-12-18,392000
72,유관순,2023-08-16,381000
73,강감찬,2023-10-14,184000
74,김유신,2023-11-01,163000
75,김구,2023-06-05,171000
76,이유신,2023-12-27,210000
77,유관순,2023-02-01,282000
78,이유신,2023-05-28,319000
79,홍길순,2023-10-25,290000
80,홍길자,2023-09-08,300000
81,이순신,2024-04-22,321000
82,김유신,2023-12-27,136000
83,강감찬,2023-01-11,310000
84,김구,2024-04-23,175000
85,강감찬,2023-05-19,181000
86,강감순,2023-03-16,102000
87,홍길순,2024-03-14,371000
88,강감찬,2023-12-21,99000
89,이유신,2024-04-09,44000
90,강감순,2023-01-29,232000
91,이순신,2023-09-04,63000
92,이순신,2023-01-07,103000
93,홍길동,2023-01-25,149000
94,유관순,2023-11-16,77000
95,강감순,2023-01-10,79000
96,유관순,2023-11-12,291000
97,김구,2023-06-28,350000
98,이순신,2023-02-16,301000
99,김유신,2024-04-01,395000
100,이유신,2023-06-03,132000
101,김유신,2023-11-29,2000
102,유관순,2024-02-22,139000
103,유관순,2023-06-04,159000
104,김유신,2023-06-24,301000
105,홍길동,2023-11-19,223000
106,홍길자,2023-05-13,338000
107,김구,2023-09-23,308000
108,김유신,2023-06-24,92000
109,이순신,2023-12-28,286000
110,이유신,2024-04-09,16000
111,강감순,2023-04-26,185000
112,홍길순,2023-11-07,159000
113,이유신,2023-06-24,80000
114,김구,2023-04-30,383000
115,김유신,2023-05-22,381000
116,이순신,2023-08-27,335000
117,홍길동,2024-01-28,120000
118,홍길자,2023-07-24,193000
119,유관순,2023-09-14,280000
120,강감순,2024-03-03,361000
121,이유신,2023-03-23,285000
122,이유신,2024-02-13,379000
123,강감순,2023-12-18,256000
124,홍길동,2024-04-21,224000
125,강감순,2023-05-20,335000
126,강감순,2023-03-21,378000
127,홍길순,2023-10-20,189000
128,홍길순,2023-09-30,225000
129,이유신,2023-09-04,311000
130,홍길자,2023-10-21,13000
131,홍길순,2023-11-08,322000
132,김구,2023-08-15,387000
133,강감순,2024-01-11,314000
134,김유신,2023-05-26,308000
135,김구,2023-04-05,2000
136,홍길순,2023-06-22,303000
137,김구,2023-11-13,364000
138,유관순,2023-11-10,179000
139,강감찬,2023-04-23,287000
140,이유신,2023-05-02,219000
141,홍길동,2023-04-22,397000
142,홍길자,2023-06-16,377000
143,김유신,2023-07-22,41000
144,강감순,2023-09-29,323000
145,홍길순,2024-04-27,191000
146,김구,2023-10-29,5000
147,김유신,2023-04-08,75000
148,강감순,2023-08-01,334000
149,이유신,2024-04-09,263000
150,홍길순,2024-01-14,360000
151,김유신,2023-09-05,55000
152,이순신,2023-01-11,167000
153,강감찬,2023-08-13,175000
154,홍길동,2023-12-20,114000
155,강감찬,2023-11-08,192000
156,강감순,2023-10-18,25000
157,유관순,2023-12-20,48000
158,홍길자,2024-02-01,78000
159,강감찬,2023-05-01,201000
160,강감찬,2023-03-04,57000
161,김유신,2024-01-06,51000
162,김유신,2023-05-23,97000
163,김구,2023-09-04,39000
164,김유신,2023-10-29,303000
165,강감순,2023-05-18,276000
166,강감순,2023-10-23,349000
167,강감찬,2023-09-25,272000
168,이유신,2023-08-19,368000
169,이유신,2023-04-22,84000
170,이유신,2023-03-08,222000
171,강감순,2023-01-11,149000
172,유관순,2024-02-29,169000
173,홍길순,2023-05-29,65000
174,홍길순,2023-10-15,215000
175,이순신,2023-08-12,148000
176,김구,2023-08-18,357000
177,강감순,2023-04-25,126000
178,홍길동,2023-05-28,206000
179,홍길자,2023-03-16,301000
180,김유신,2023-08-16,38000
181,홍길동,2023-11-21,82000
182,강감순,2023-12-05,276000
183,홍길자,2023-05-31,174000
184,유관순,2023-12-06,119000
185,강감순,2023-07-04,391000
186,김구,2023-02-01,6000
187,홍길순,2023-06-25,303000
188,홍길순,2023-01-31,164000
189,홍길동,2023-08-30,254000
190,강감찬,2023-06-26,79000
191,김구,2023-05-28,329000
192,홍길순,2024-03-30,382000
193,강감찬,2024-01-27,380000
194,유관순,2023-11-07,331000
195,강감순,2023-10-26,271000
196,홍길자,2023-03-25,48000
197,이순신,2023-06-16,353000
198,홍길자,2023-06-21,47000
199,강감찬,2023-10-04,273000
200,강감찬,2023-08-25,151000
201,홍길순,2023-07-26,245000
202,홍길동,2023-10-25,135000
203,김구,2024-03-24,28000
204,강감순,2023-04-28,378000
205,유관순,2023-01-13,30000
206,김유신,2023-03-19,117000
207,강감순,2023-01-18,112000
208,이유신,2024-01-02,78000
209,김구,2024-04-10,123000
210,홍길자,2023-06-03,354000
211,강감찬,2024-03-12,261000
212,강감순,2023-11-11,5000
213,강감순,2024-03-30,176000
214,이유신,2023-01-24,398000
215,김구,2023-08-21,87000
216,강감찬,2024-04-05,286000
217,강감찬,2023-04-17,278000
218,유관순,2024-03-18,197000
219,홍길자,2023-08-07,370000
220,김유신,2023-01-30,354000
221,김구,2023-10-23,214000
222,홍길동,2024-02-01,355000
223,김구,2023-08-26,250000
224,김구,2024-02-10,220000
225,홍길순,2023-07-25,279000
226,김구,2023-03-08,53000
227,홍길자,2023-12-14,181000
228,김구,2024-04-13,20000
229,강감찬,2023-06-23,101000
230,강감찬,2023-11-11,400000
231,홍길동,2024-03-01,397000
232,홍길순,2023-09-12,91000
233,강감순,2023-01-09,174000
234,홍길자,2023-01-29,183000
235,홍길동,2024-03-08,103000
236,이순신,2023-05-22,328000
237,강감순,2023-11-10,38000
238,홍길동,2023-11-11,297000
239,홍길동,2023-09-25,235000
240,강감찬,2023-08-10,68000
241,강감순,2023-08-11,87000
242,이유신,2023-08-04,7000
243,강감찬,2023-05-30,68000
244,홍길자,2023-12-05,143000
245,홍길동,2024-02-12,14000
246,김구,2023-12-25,193000
247,홍길동,2023-12-09,163000
248,이순신,2024-04-11,59000
249,김구,2023-12-26,340000
250,유관순,2023-03-29,180000
251,유관순,2023-11-21,44000
252,김구,2023-05-23,350000
253,김구,2023-04-20,16000
254,강감순,2023-04-15,259000
255,김구,2024-04-15,4000
256,유관순,2023-03-21,124000
257,이순신,2023-01-02,170000
258,강감순,2023-10-21,198000
259,유관순,2023-08-23,286000
260,이유신,2024-04-16,224000
261,유관순,2023-10-17,252000
262,김구,2024-04-14,223000
263,김유신,2023-02-07,42000
264,강감순,2023-12-16,205000
265,홍길순,2023-03-18,300000
266,강감순,2023-01-05,78000
267,김구,2023-08-10,96000
268,김구,2023-05-21,120000
269,홍길순,2023-01-27,177000
270,김구,2024-04-05,96000
271,유관순,2023-08-28,394000
272,홍길자,2023-10-18,366000
273,강감순,2024-01-12,220000
274,홍길동,2023-01-16,1000
275,김유신,2023-09-03,330000
276,홍길동,2023-11-13,254000
277,이순신,2024-04-04,254000
278,홍길순,2024-01-19,258000
279,유관순,2023-07-21,158000
280,강감찬,2023-09-19,52000
281,홍길순,2023-08-13,384000
282,유관순,2023-01-09,115000
283,이순신,2023-12-28,75000
284,김유신,2023-05-26,315000
285,이순신,2023-03-03,118000
286,홍길동,2023-04-02,125000
287,이유신,2023-11-03,349000
288,이순신,2023-12-06,124000
289,홍길동,2023-03-10,68000
290,홍길순,2023-04-22,20000
291,김유신,2023-12-13,7000
292,홍길자,2023-06-08,64000
293,유관순,2023-06-18,366000
294,이순신,2023-03-14,254000
295,이순신,2023-05-11,94000
296,김유신,2023-06-27,254000
297,강감순,2023-07-05,126000
298,강감순,2023-09-09,81000
299,홍길순,2024-01-26,172000
300,이순신,2023-09-22,329000
301,김유신,2023-03-17,84000
302,김구,2023-04-01,258000
303,이유신,2024-01-15,35000
304,홍길자,2023-09-07,252000
305,홍길자,2023-12-11,74000
306,유관순,2023-04-26,257000
307,홍길순,2023-06-22,82000
308,유관순,2023-12-26,70000
309,홍길동,2023-11-09,57000
310,김구,2023-04-23,303000
311,홍길순,2024-03-14,369000
312,김구,2023-05-26,368000
313,유관순,2023-11-12,255000
314,홍길자,2023-10-25,317000
315,홍길자,2023-01-26,236000
316,김유신,2023-03-25,82000
317,김유신,2023-09-12,107000
318,홍길자,2023-02-02,163000
319,김유신,2024-01-19,291000
320,김유신,2023-10-19,136000
321,홍길동,2023-03-23,316000
322,홍길동,2023-01-09,244000
323,유관순,2024-03-31,376000
324,홍길자,2023-07-01,107000
325,홍길순,2023-01-05,197000
326,이순신,2024-02-26,313000
327,이유신,2023-08-26,182000
328,김구,2023-08-28,23000
329,홍길자,2023-09-10,344000
330,홍길자,2024-04-21,7000
331,홍길순,2023-05-27,301000
332,유관순,2023-04-22,202000
333,김구,2023-09-30,385000
334,김구,2023-10-03,219000
335,유관순,2023-08-09,269000
336,유관순,2024-04-09,311000
337,강감순,2023-05-09,366000
338,이순신,2023-09-25,113000
339,김유신,2023-03-13,231000
340,홍길자,2023-07-27,25000
341,홍길자,2023-03-07,28000
342,이유신,2023-06-04,344000
343,홍길순,2024-01-20,251000
344,김구,2023-06-09,324000
345,김유신,2023-05-09,287000
346,유관순,2024-01-31,266000
347,강감찬,2023-08-02,275000
348,이순신,2023-04-26,126000
349,이유신,2024-01-13,150000
350,이순신,2023-12-27,84000
351,홍길동,2023-03-09,386000
352,홍길순,2023-06-13,126000
353,김구,2024-03-23,145000
354,이순신,2023-06-11,260000
355,김구,2023-03-16,400000
356,이유신,2023-02-22,213000
357,홍길순,2024-04-18,193000
358,홍길순,2023-06-23,345000
359,강감순,2023-07-10,47000
360,이순신,2023-03-16,382000
361,유관순,2023-04-15,54000
362,홍길순,2024-03-20,73000
363,유관순,2023-05-18,112000
364,이유신,2024-02-23,85000
365,김유신,2023-03-28,360000
366,홍길동,2024-03-21,135000
367,홍길자,2023-11-11,170000
368,홍길자,2024-04-18,98000
369,유관순,2023-09-14,23000
370,홍길동,2024-03-07,10000
371,강감찬,2023-06-18,301000
372,홍길순,2023-12-09,333000
373,김유신,2023-07-20,193000
374,이유신,2024-03-01,139000
375,이유신,2024-01-27,69000
376,이유신,2023-11-28,213000
377,이순신,2023-11-07,242000
378,유관순,2023-03-04,328000
379,홍길동,2024-03-19,274000
380,이순신,2023-11-07,43000
381,홍길동,2023-09-25,307000
382,강감순,2023-03-09,367000
383,유관순,2024-02-17,220000
384,홍길동,2023-02-26,57000
385,강감찬,2024-02-20,316000
386,홍길동,2023-11-19,86000
387,강감순,2023-04-21,113000
388,홍길순,2023-10-23,347000
389,이순신,2024-03-02,335000
390,강감순,2023-11-03,392000
391,이유신,2023-02-14,324000
392,강감찬,2023-08-16,73000
393,홍길순,2023-06-30,155000
394,홍길순,2023-06-23,118000
395,강감순,2023-08-26,184000
396,강감순,2023-10-13,61000
397,홍길순,2024-01-28,13000
398,이유신,2023-08-27,30000
399,유관순,2024-02-10,377000
400,홍길자,2024-03-01,79000
401,강감찬,2024-02-24,396000
402,홍길동,2023-05-25,194000
403,홍길동,2024-03-10,242000
404,강감찬,2024-01-17,311000
405,강감순,2023-02-13,131000
406,유관순,2023-04-18,300000
407,강감찬,2024-03-22,250000
408,이순신,2023-07-24,330000
409,김유신,2023-05-09,44000
410,강감순,2023-12-08,334000
411,이유신,2024-03-16,81000
412,홍길동,2023-03-16,264000
413,김유신,2023-04-13,6000
414,홍길동,2023-05-31,377000
415,유관순,2024-03-14,296000
416,홍길동,2023-11-17,50000
417,유관순,2023-12-22,346000
418,홍길순,2023-11-18,135000
419,김구,2023-11-28,64000
420,이유신,2023-02-15,247000
421,이유신,2024-01-01,374000
422,홍길자,2023-04-26,66000
423,홍길동,2023-08-22,204000
424,이순신,2024-02-03,220000
425,이유신,2023-05-13,149000
426,강감순,2023-01-06,91000
427,홍길자,2023-04-04,63000
428,홍길순,2023-02-21,312000
429,김구,2024-03-15,132000
430,강감찬,2023-09-28,155000
431,유관순,2023-07-22,218000
432,김유신,2023-08-16,235000
433,김유신,2023-05-22,90000
434,이순신,2023-06-20,357000
435,김구,2024-04-28,319000
436,이유신,2024-02-08,232000
437,홍길자,2023-01-11,193000
438,이순신,2023-06-15,338000
439,홍길자,2023-09-22,373000
440,홍길자,2023-04-18,397000
441,이순신,2024-02-01,173000
442,이순신,2024-02-01,71000
443,이유신,2024-04-21,295000
444,유관순,2024-03-27,332000
445,강감순,2024-04-22,57000
446,홍길동,2023-09-30,344000
447,홍길순,2023-01-01,204000
448,이유신,2023-09-16,163000
449,강감찬,2023-04-22,112000
450,홍길동,2023-08-30,400000
451,유관순,2023-09-02,200000
452,이순신,2024-03-11,297000
453,홍길동,2023-11-11,96000
454,유관순,2023-06-20,1000
455,유관순,2023-02-21,48000
456,홍길동,2023-05-30,329000
457,강감찬,2024-03-20,340000
458,이유신,2023-02-17,208000
459,강감순,2023-10-07,280000
460,이순신,2023-01-07,288000
461,이유신,2023-04-06,5000
462,이순신,2023-06-12,31000
463,강감찬,2023-04-30,252000
464,홍길동,2023-02-12,302000
465,홍길동,2024-01-08,299000
466,홍길자,2023-09-01,44000
467,이순신,2024-02-27,92000
468,이순신,2023-04-19,316000
469,유관순,2023-11-05,47000
470,김구,2023-04-25,256000
471,홍길동,2023-11-10,32000
472,강감순,2023-04-02,134000
473,이순신,2023-07-30,319000
474,강감순,2023-10-14,14000
475,강감순,2023-02-04,323000
476,홍길순,2023-02-18,2000
477,이유신,2024-03-18,17000
478,김유신,2023-04-03,150000
479,홍길순,2023-06-03,164000
480,김구,2024-04-04,265000
481,홍길자,2023-11-02,96000
482,김유신,2024-04-29,130000
483,이유신,2024-03-14,142000
484,이순신,2023-10-28,167000
485,이유신,2023-05-01,22000
486,이유신,2023-02-07,51000
487,홍길자,2023-09-07,53000
488,김구,2023-05-28,366000
489,홍길자,2023-08-03,349000
490,홍길순,2023-12-26,346000
491,이순신,2023-12-16,391000
492,홍길동,2024-02-29,77000
493,홍길동,2023-02-02,115000
494,김유신,2023-10-20,44000
495,유관순,2024-03-02,305000
496,홍길동,2023-11-13,44000
497,김유신,2023-05-15,31000
498,홍길순,2023-03-29,274000
499,홍길순,2023-11-23,230000
500,강감찬,2023-06-05,173000
501,강감찬,2023-06-28,303000
502,강감순,2023-08-16,337000
503,홍길순,2024-04-05,76000
504,강감찬,2023-04-23,39000
505,이순신,2023-10-17,242000
506,홍길동,2023-06-22,376000
507,홍길동,2024-04-01,274000
508,강감찬,2023-11-06,263000
509,유관순,2023-03-29,120000
510,강감찬,2023-06-27,230000
511,이순신,2023-09-18,231000
512,김구,2023-11-12,19000
513,홍길순,2023-01-30,134000
514,이순신,2024-04-15,82000
515,이순신,2023-11-24,350000
516,홍길순,2023-01-10,98000
517,이유신,2023-02-16,371000
518,홍길동,2023-04-23,10000
519,강감찬,2023-11-26,358000
520,홍길자,2023-07-27,44000
521,유관순,2023-12-13,253000
522,홍길동,2023-07-01,395000
523,유관순,2023-08-11,355000
524,김구,2023-06-29,113000
525,홍길순,2023-11-27,92000
526,강감찬,2023-10-11,145000
527,유관순,2023-09-06,312000
528,홍길순,2024-03-29,131000
529,이유신,2023-07-16,45000
530,홍길순,2023-04-09,287000
531,강감찬,2023-04-18,257000
532,강감찬,2024-04-05,222000
533,홍길동,2023-10-01,61000
534,이순신,2023-01-12,205000
535,유관순,2023-02-08,181000
536,홍길순,2023-01-27,119000
537,김유신,2023-04-07,155000
538,김구,2023-06-27,394000
539,유관순,2023-05-06,148000
540,이유신,2024-02-25,107000
541,강감순,2023-02-18,234000
542,홍길자,2023-12-22,275000
543,강감순,2023-05-10,88000
544,김유신,2023-01-06,258000
545,김유신,2023-01-13,287000
546,김유신,2023-07-26,250000
547,강감찬,2024-04-01,135000
548,홍길순,2023-09-30,353000
549,홍길순,2024-03-28,259000
550,김유신,2024-02-16,126000
551,강감찬,2023-09-20,134000
552,강감찬,2023-07-12,357000
553,강감순,2023-08-02,340000
554,홍길순,2024-04-27,51000
555,유관순,2023-11-30,376000
556,홍길순,2023-08-21,70000
557,김유신,2024-02-29,4000
558,강감순,2023-11-01,290000
559,유관순,2023-07-17,354000
560,유관순,2023-11-27,332000
561,홍길동,2023-04-16,380000
562,김구,2023-08-07,155000
563,유관순,2024-04-29,1000
564,강감찬,2024-03-15,163000
565,강감찬,2024-04-22,195000
566,이유신,2023-11-08,159000
567,유관순,2023-11-21,266000
568,이유신,2023-03-05,273000
569,이순신,2023-02-09,17000
570,김유신,2023-12-10,255000
571,홍길자,2024-03-18,100000
572,홍길자,2023-10-04,175000
573,이순신,2023-02-02,247000
574,강감찬,2023-06-26,158000
575,강감찬,2023-10-28,166000
576,유관순,2023-10-01,117000
577,유관순,2024-03-06,313000
578,홍길자,2023-04-25,116000
579,홍길동,2024-03-10,26000
580,김구,2023-09-13,109000
581,홍길순,2023-12-24,374000
582,강감찬,2023-11-25,12000
583,이순신,2023-08-22,158000
584,강감순,2024-01-18,182000
585,이순신,2024-02-06,122000
586,홍길순,2024-02-10,394000
587,유관순,2023-05-15,182000
588,홍길순,2023-04-28,327000
589,유관순,2024-01-06,107000
590,유관순,2023-01-23,390000
591,강감순,2023-12-02,400000
592,이순신,2023-09-28,22000
593,김구,2023-10-26,165000
594,김유신,2024-02-15,121000
595,홍길동,2024-04-07,211000
596,김구,2023-02-28,296000
597,김유신,2023-12-16,262000
598,강감찬,2023-02-12,286000
599,강감순,2023-08-04,259000
600,김구,2023-12-25,42000
601,홍길자,2023-04-16,66000
602,유관순,2023-02-18,204000
603,강감순,2023-12-20,128000
604,홍길동,2024-03-20,198000
605,강감순,2023-07-14,357000
606,김유신,2023-12-18,111000
607,이유신,2024-02-10,306000
608,이순신,2023-04-17,332000
609,이순신,2023-08-09,275000
610,홍길자,2024-02-29,251000
611,이순신,2023-09-19,342000
612,유관순,2023-04-11,76000
613,홍길동,2023-04-15,92000
614,김구,2024-01-29,24000
615,이순신,2024-01-16,243000
616,강감순,2024-04-18,248000
617,김유신,2023-09-23,179000
618,강감찬,2024-04-12,343000
619,홍길자,2023-10-13,259000
620,강감순,2023-01-01,381000
621,홍길순,2023-11-13,22000
622,김구,2023-10-24,14000
623,이순신,2023-10-12,264000
624,김구,2023-08-18,332000
625,이유신,2023-02-15,264000
626,강감찬,2023-02-04,144000
627,강감찬,2023-04-30,113000
628,강감순,2024-01-28,343000
629,김유신,2023-06-14,80000
630,홍길동,2024-02-26,266000
631,홍길순,2023-08-29,33000
632,김구,2023-02-11,158000
633,유관순,2023-11-09,42000
634,홍길동,2024-01-22,68000
635,김구,2023-10-24,63000
636,홍길자,2023-06-10,394000
637,김유신,2023-09-30,364000
638,김구,2023-05-15,129000
639,유관순,2024-02-25,152000
640,강감찬,2024-01-07,383000
641,강감순,2023-02-25,316000
642,김유신,2023-10-30,237000
643,김구,2024-01-24,41000
644,홍길자,2023-11-27,324000
645,이유신,2023-06-18,273000
646,홍길순,2024-04-21,266000
647,이순신,2023-05-16,234000
648,강감순,2023-07-16,126000
649,강감순,2024-02-13,214000
650,강감순,2023-07-18,101000
651,이순신,2024-02-15,29000
652,홍길자,2023-05-26,25000
653,김유신,2023-11-09,379000
654,김구,2023-12-12,109000
655,홍길순,2023-10-24,58000
656,강감찬,2023-09-29,87000
657,유관순,2024-02-18,111000
658,홍길순,2023-09-02,314000
659,이순신,2023-10-19,347000
660,홍길동,2023-05-18,164000
661,이유신,2024-01-10,262000
662,이순신,2024-01-20,156000
663,이순신,2023-10-07,172000
664,유관순,2023-10-03,373000
665,강감찬,2023-02-04,113000
666,홍길자,2024-04-23,266000
667,홍길자,2023-11-07,382000
668,이유신,2024-01-10,33000
669,이유신,2023-06-10,247000
670,홍길자,2024-04-13,28000
671,홍길동,2023-04-04,331000
672,강감순,2023-12-29,286000
673,이순신,2023-01-22,391000
674,홍길순,2023-10-29,44000
675,홍길자,2023-11-24,341000
676,김구,2023-12-08,136000
677,홍길자,2023-04-17,66000
678,김유신,2024-02-08,33000
679,이순신,2023-09-29,280000
680,홍길자,2024-02-21,266000
681,강감찬,2023-11-20,214000
682,홍길동,2024-02-10,258000
683,김구,2024-02-16,40000
684,유관순,2023-09-04,209000
685,김유신,2023-11-22,162000
686,김구,2023-07-29,26000
687,강감찬,2023-02-24,243000
688,홍길자,2023-06-09,371000
689,이유신,2024-01-01,181000
690,홍길순,2023-04-21,4000
691,강감순,2023-06-01,391000
692,강감찬,2023-06-02,109000
693,홍길자,2023-11-01,238000
694,김구,2024-03-30,376000
695,김유신,2023-07-21,6000
696,홍길동,2023-11-12,333000
697,홍길자,2023-02-16,390000
698,김구,2023-06-07,382000
699,강감순,2023-12-06,237000
700,홍길자,2023-04-27,285000
701,이유신,2024-01-04,270000
702,강감순,2024-02-15,236000
703,홍길자,2024-02-07,155000
704,홍길자,2023-08-05,351000
705,김구,2023-03-06,308000
706,홍길순,2023-01-07,264000
707,홍길순,2023-12-06,212000
708,김유신,2023-04-07,190000
709,이유신,2023-07-11,237000
710,김유신,2023-04-08,21000
711,강감찬,2023-07-21,133000
712,강감순,2023-11-30,146000
713,홍길자,2023-11-22,18000
714,홍길동,2023-06-12,234000
715,유관순,2024-01-14,214000
716,김구,2023-02-07,230000
717,강감순,2023-05-10,73000
718,이순신,2023-08-03,228000
719,유관순,2023-04-03,181000
720,홍길동,2023-08-29,331000
721,홍길동,2023-11-19,36000
722,홍길순,2023-05-17,386000
723,이순신,2024-01-02,374000
724,김유신,2023-01-09,371000
725,홍길동,2023-03-25,102000
726,홍길동,2023-11-20,330000
727,홍길동,2023-12-10,196000
728,홍길동,2023-03-11,154000
729,김구,2023-07-09,131000
730,홍길자,2023-12-05,149000
731,김구,2023-08-19,343000
732,유관순,2024-03-29,302000
733,강감순,2023-06-01,16000
734,김유신,2023-05-27,253000
735,강감순,2023-08-08,57000
736,강감찬,2023-05-04,169000
737,김구,2023-03-08,68000
738,김유신,2023-11-15,365000
739,홍길동,2024-04-08,327000
740,유관순,2023-09-27,318000
741,유관순,2024-04-25,336000
742,홍길순,2023-08-07,245000
743,강감찬,2023-04-06,388000
744,홍길순,2023-07-13,351000
745,강감찬,2023-12-14,166000
746,홍길동,2023-08-17,204000
747,유관순,2024-03-02,400000
748,유관순,2023-05-27,264000
749,이순신,2023-04-09,204000
750,이순신,2023-05-03,399000
751,이순신,2023-10-27,178000
752,홍길자,2023-03-08,203000
753,이순신,2023-12-05,30000
754,강감찬,2024-01-25,1000
755,강감순,2023-12-24,267000
756,홍길순,2023-10-06,34000
757,홍길동,2023-11-01,326000
758,홍길자,2024-01-21,195000
759,강감찬,2023-05-22,374000
760,이순신,2023-05-14,239000
761,이순신,2024-04-28,332000
762,강감찬,2023-10-12,236000
763,홍길자,2023-02-28,191000
764,이유신,2023-05-16,160000
765,강감찬,2023-09-25,30000
766,강감순,2023-11-23,241000
767,김유신,2023-12-01,118000
768,김유신,2023-05-19,251000
769,김유신,2023-09-20,303000
770,김유신,2023-02-20,375000
771,홍길동,2024-04-27,171000
772,강감순,2024-03-03,96000
773,김구,2023-04-23,44000
774,이순신,2023-04-04,57000
775,강감찬,2023-12-19,270000
776,강감찬,2023-12-27,272000
777,이유신,2023-08-11,149000
778,김구,2024-04-09,40000
779,이순신,2023-09-26,30000
780,유관순,2023-05-08,116000
781,이순신,2024-01-18,329000
782,홍길동,2024-03-12,236000
783,이순신,2023-07-13,375000
784,홍길동,2023-04-23,15000
785,강감순,2023-12-11,293000
786,강감찬,2024-01-31,111000
787,홍길순,2024-02-05,319000
788,홍길순,2024-01-27,274000
789,김유신,2023-11-12,70000
790,홍길동,2024-03-01,57000
791,이순신,2023-01-04,31000
792,이유신,2023-03-17,267000
793,강감순,2024-03-17,67000
794,홍길동,2023-07-09,376000
795,유관순,2023-11-16,38000
796,홍길동,2023-08-12,269000
797,홍길순,2023-03-13,146000
798,홍길순,2023-11-19,292000
799,김구,2023-09-15,68000
800,강감순,2024-02-01,180000
801,홍길자,2023-12-06,122000
802,김유신,2023-11-15,82000
803,홍길순,2023-09-16,111000
804,홍길순,2024-02-17,275000
805,홍길순,2023-10-23,114000
806,이유신,2024-04-22,85000
807,유관순,2024-02-13,347000
808,강감찬,2023-03-16,333000
809,이순신,2023-10-04,180000
810,홍길순,2023-04-06,374000
811,홍길순,2023-09-23,145000
812,강감찬,2023-04-12,63000
813,강감순,2023-05-02,147000
814,이유신,2023-09-26,176000
815,김유신,2023-06-23,209000
816,이유신,2023-11-18,164000
817,이순신,2023-06-04,336000
818,강감순,2023-02-15,57000
819,홍길자,2023-07-15,311000
820,홍길순,2023-07-13,33000
821,유관순,2023-10-31,293000
822,홍길동,2024-02-19,122000
823,강감찬,2023-03-26,270000
824,강감찬,2024-03-31,167000
825,강감순,2023-01-01,142000
826,홍길순,2023-05-07,351000
827,홍길순,2024-04-01,51000
828,유관순,2023-10-12,115000
829,강감찬,2023-08-25,105000
830,김구,2023-09-14,82000
831,홍길동,2023-12-25,238000
832,김구,2023-02-24,364000
833,이유신,2023-06-14,378000
834,유관순,2023-08-12,204000
835,홍길자,2023-05-04,162000
836,강감찬,2023-05-23,196000
837,강감순,2023-09-29,140000
838,홍길순,2023-04-08,320000
839,이순신,2023-10-21,300000
840,유관순,2023-12-16,142000
841,김구,2023-09-21,6000
842,유관순,2024-04-04,372000
843,유관순,2023-03-09,301000
844,김구,2023-03-06,18000
845,강감순,2023-09-15,353000
846,이유신,2023-07-15,360000
847,강감순,2023-02-03,232000
848,홍길순,2023-01-24,59000
849,홍길동,2023-10-25,161000
850,김구,2023-07-11,40000
851,유관순,2023-07-06,115000
852,강감순,2023-08-22,336000
853,유관순,2023-07-29,19000
854,홍길동,2023-02-26,319000
855,이유신,2023-05-12,83000
856,홍길자,2024-04-26,395000
857,강감찬,2023-03-20,384000
858,홍길순,2023-07-20,235000
859,강감찬,2023-01-01,10000
860,홍길자,2023-03-13,47000
861,김유신,2023-04-28,158000
862,김구,2023-08-06,341000
863,유관순,2023-06-28,200000
864,홍길동,2023-11-13,394000
865,홍길자,2023-09-06,194000
866,홍길순,2023-01-20,38000
867,홍길동,2023-03-08,266000
868,유관순,2024-03-28,261000
869,강감순,2023-01-13,109000
870,이유신,2023-12-23,301000
871,김유신,2023-01-02,138000
872,강감순,2024-04-29,389000
873,강감찬,2023-11-10,4000
874,홍길동,2023-06-06,185000
875,이순신,2023-03-16,149000
876,김유신,2023-05-11,92000
877,홍길자,2023-04-02,161000
878,강감순,2023-05-03,15000
879,김구,2023-01-05,116000
880,홍길동,2024-02-27,214000
881,홍길동,2023-05-30,152000
882,홍길자,2023-12-02,168000
883,홍길자,2023-12-14,111000
884,홍길순,2024-02-12,335000
885,홍길순,2023-09-09,273000
886,홍길동,2023-06-25,137000
887,김구,2023-05-30,307000
888,강감순,2024-02-06,282000
889,홍길순,2023-05-21,174000
890,강감찬,2024-04-28,308000
891,홍길자,2023-01-19,180000
892,강감찬,2023-09-24,194000
893,이순신,2024-03-17,334000
894,강감찬,2023-05-06,93000
895,이유신,2024-04-21,234000
896,강감찬,2023-06-12,139000
897,홍길자,2023-09-12,190000
898,강감찬,2023-05-04,316000
899,홍길순,2024-03-20,208000
900,홍길순,2023-06-09,330000
901,유관순,2024-03-24,149000
902,유관순,2024-03-11,134000
903,이유신,2023-08-05,367000
904,유관순,2024-03-01,47000
905,홍길순,2024-03-09,374000
906,홍길동,2023-05-23,303000
907,이순신,2023-03-26,339000
908,김유신,2023-03-21,89000
909,홍길순,2023-07-01,100000
910,강감찬,2023-04-02,333000
911,홍길자,2023-10-27,396000
912,강감찬,2024-02-15,43000
913,김구,2023-06-02,394000
914,홍길순,2023-01-28,324000
915,홍길자,2023-08-05,132000
916,이순신,2023-12-17,281000
917,김유신,2024-04-26,296000
918,홍길동,2023-03-07,324000
919,이순신,2023-10-11,32000
920,홍길동,2023-05-18,212000
921,홍길동,2024-04-04,156000
922,홍길자,2024-04-21,377000
923,홍길자,2023-05-29,12000
924,홍길동,2023-08-31,27000
925,홍길동,2023-12-01,336000
926,유관순,2023-04-02,249000
927,강감순,2024-04-17,241000
928,김구,2024-02-21,337000
929,홍길자,2023-05-03,94000
930,홍길자,2024-01-13,192000
931,이유신,2024-03-18,168000
932,홍길자,2023-11-26,224000
933,강감찬,2024-01-30,220000
934,홍길자,2023-02-05,183000
935,유관순,2023-07-27,258000
936,유관순,2023-06-07,211000
937,홍길동,2023-12-02,383000
938,김유신,2024-03-04,228000
939,홍길동,2023-02-14,11000
940,김유신,2023-05-21,383000
941,이유신,2023-02-03,93000
942,강감순,2023-06-26,325000
943,김유신,2023-05-27,211000
944,홍길자,2024-02-29,169000
945,홍길자,2024-02-14,271000
946,이유신,2023-05-01,373000
947,김유신,2024-03-06,339000
948,김구,2023-05-19,337000
949,김유신,2023-05-31,384000
950,홍길자,2023-04-14,335000
951,홍길순,2023-10-03,376000
952,이순신,2023-01-01,324000
953,유관순,2023-08-19,30000
954,김유신,2023-08-06,262000
955,홍길자,2023-10-09,273000
956,김구,2023-10-30,126000
957,유관순,2024-03-22,246000
958,홍길순,2024-03-01,182000
959,김구,2023-07-06,204000
960,홍길순,2023-01-04,259000
961,강감순,2024-03-30,2000
962,홍길동,2023-03-09,14000
963,강감찬,2023-06-11,9000
964,김유신,2023-03-23,176000
965,김구,2023-04-11,172000
966,강감순,2023-03-24,315000
967,홍길순,2023-12-31,393000
968,홍길동,2023-03-18,170000
969,강감찬,2024-04-12,103000
970,홍길동,2023-11-22,391000
971,김구,2023-03-14,207000
972,이순신,2023-11-05,103000
973,강감찬,2023-04-11,394000
974,홍길자,2023-07-13,19000
975,김유신,2023-04-04,19000
976,강감찬,2023-09-20,168000
977,이유신,2023-09-27,274000
978,김유신,2023-06-24,75000
979,강감순,2023-02-17,163000
980,김구,2023-09-20,367000
981,강감순,2024-01-20,2000
982,강감순,2024-04-14,387000
983,홍길순,2023-04-03,44000
984,강감찬,2024-02-21,30000
985,김유신,2023-11-01,350000
986,김구,2023-03-09,335000
987,홍길자,2024-03-03,230000
988,김구,2023-01-03,149000
989,유관순,2024-04-21,258000
990,홍길자,2023-02-04,11000
991,이순신,2023-04-27,178000
992,홍길순,2024-02-09,55000
993,김구,2024-04-06,187000
994,이순신,2024-01-01,242000
995,강감순,2023-11-02,59000
996,유관순,2024-01-17,197000
997,홍길자,2024-04-27,82000
998,홍길자,2023-12-03,76000
999,홍길순,2024-03-02,30000
1000,홍길동,2023-03-13,320000
